SCAFFOLD,START,END
NW_026622897.1,62154338,62154383
NW_026622775.1,37656919,37657142
NW_026622874.1,102962191,102962247
NW_026623067.1,47463098,47463203
NW_026622764.1,49218744,49219005
NW_026623030.1,5535556,5535788
NW_026622941.1,12262150,12262216
NW_026622941.1,17672285,17672483
NW_026623067.1,66460416,66460462
NW_026622764.1,61670149,61670355
NW_026622797.1,10609326,10609521
NW_026622919.1,35071785,35071850
NW_026622997.1,18233154,18233251
NW_026623067.1,33001282,33001479
NW_026623056.1,20955803,20956050
NW_026622808.1,25737333,25739981
NW_026622763.1,78556041,78556183
NW_026622874.1,61297968,61298171
NW_026622830.1,44473363,44473568
NW_026622841.1,37409227,37409299
NW_026622908.1,3823647,3823699
NW_026623078.1,73587892,73588029
NW_026623111.1,45547210,45547469
NW_026623111.1,73609756,73609834
NW_026622830.1,34567263,34567436
NW_026622908.1,4713428,4713636
NW_026622908.1,9255106,9255203
NW_026623067.1,24099930,24099978
NW_026622763.1,31768765,31768977
NW_026622874.1,47586572,47586642
NW_026622852.1,39891494,39891710
NW_026623111.1,73891081,73891148
NW_026623067.1,88632332,88677297
NW_026622886.1,35892624,35894256
NC_079873.1,46682173,46704075
NC_079873.1,52016653,52016897
NW_026623030.1,22194531,22213314
NW_026622908.1,8439498,8439724
NW_026623067.1,21233842,21234063
NW_026623050.1,23543399,23543613
NW_026623053.1,25421213,25421443
NW_026622819.1,40852243,40852465
NW_026623056.1,12148565,12148782
NW_026622863.1,14863441,14863652
NW_026622986.1,16829936,16830134
NW_026623056.1,13650842,13651040
NW_026623111.1,53979877,53980088
NW_026622797.1,67019712,67019918
NW_026622808.1,66907848,66908055
NW_026622786.1,29129279,29129483
NW_026622974.1,6752325,6752525
NW_026622985.1,100683033,100683236
NW_026622775.1,41392651,41392860
NW_026622797.1,4600372,4600577
NW_026622830.1,2458815,2459014
NW_026622775.1,59077845,59078044
NW_026622852.1,24240397,24240604
NW_026623067.1,19427315,19427525
NW_026622775.1,45158158,45158357
NW_026622775.1,34469118,34469320
NW_026622874.1,71383888,71384087
NW_026622852.1,13434325,13434525
NW_026622908.1,2535018,2535220
NW_026623030.1,5453949,5454152
NW_026623111.1,80545297,80545508
NW_026623056.1,83785010,83785215
NW_026623078.1,22456176,22456383
NW_026623100.1,15514215,15514415
NW_026622786.1,35904849,35905049
NW_026622763.1,98656582,98656787
NW_026622775.1,26180520,26180731
NW_026622919.1,19016562,19016764
NW_026622985.1,21747253,21747454
NW_026622808.1,1961707,1961908
NW_026622874.1,59421772,59421974
NW_026622874.1,69554439,69554645
NW_026622863.1,7743905,7744110
NW_026622897.1,36766420,36766612
NW_026622852.1,16758827,16759023
NW_026623008.1,23919635,23919829
NW_026623100.1,33845862,33846047
NW_026623100.1,58964887,58965084
NW_026623111.1,33796984,33797181
NW_026622763.1,102994063,102994252
NC_079873.1,10646144,10646336
NW_026622985.1,60327883,60328070
NW_026622863.1,11910566,11910754
NW_026622808.1,65467675,65467868
NW_026622963.1,17155886,17156083
NW_026622874.1,47689215,47689410
NW_026623053.1,14596023,14596256
NW_026622952.1,28069411,28069647
NW_026623067.1,58337544,58337726
NW_026622863.1,16904728,16911261
NW_026622797.1,22819863,22820030
NW_026622763.1,49745682,49745906
NW_026622841.1,27338108,27338329
NW_026623019.1,5717021,5717230
NW_026622786.1,68916295,68916509
NW_026622985.1,29067588,29067804
NW_026622997.1,8149628,8149838
NW_026622775.1,37171922,37172136
NW_026622908.1,4475064,4475273
NW_026622875.1,13577732,13577944
NW_026622941.1,28966453,28966662
NW_026622763.1,73897062,73897220
NW_026622763.1,65115893,65116111
NW_026622874.1,48068257,48068511
NW_026623111.1,66247888,66248104
NW_026623089.1,56194738,56194946
NW_026622874.1,21511339,21517573
NW_026622808.1,35327929,35328132
NW_026623056.1,52975534,52975733
NW_026622985.1,16143305,16143506
NW_026622797.1,54106242,54106387
NW_026622797.1,57901903,57902100
NW_026622797.1,61549394,61549595
NW_026622852.1,30797370,30797575
NW_026622986.1,26594686,26594892
NW_026623056.1,61568271,61568473
NW_026622763.1,19743831,19744033
NW_026622874.1,181209,181406
NW_026622897.1,62326656,62326856
NW_026622897.1,14112872,14113073
NW_026622919.1,6042004,6042205
NW_026622819.1,58810564,58813686
NW_026622963.1,36017514,36017712
NW_026623111.1,22565826,22566031
NW_026622786.1,8068889,8069087
NW_026623067.1,82484851,82485054
NW_026622874.1,48191019,48191219
NW_026623100.1,52329850,52330054
NW_026622830.1,12232584,12232802
NW_026623056.1,40967113,40967307
NW_026622808.1,37979847,37980050
NW_026622786.1,28938881,28939087
NW_026622874.1,19969195,19969419
NW_026622919.1,2188549,2188688
NW_026622808.1,11081519,11083826
NW_026623100.1,3482683,3482817
NW_026622808.1,12030901,12031107
NW_026622930.1,40886980,40891445
NW_026622830.1,23596690,23596904
NW_026622908.1,19564236,19566004
NC_079873.1,71557905,71580987
NW_026623111.1,30610847,30611047
NW_026623067.1,52422623,52422818
NW_026623053.1,19908880,19909041
NW_026623078.1,23574672,23574882
NW_026622763.1,70859644,70859822
NC_079873.1,76536976,76543617
NC_079873.1,80173356,80179170
NW_026622985.1,1631787,1631992
NW_026623078.1,8143819,8144017
NW_026622874.1,54165529,54165728
NW_026623008.1,15945647,15945850
NW_026622986.1,27567797,27567953
NW_026622797.1,63371856,63372043
NW_026622919.1,23008085,23008293
NW_026623100.1,31082697,31082905
NW_026622763.1,70747116,70747343
NC_079873.1,17026500,17026651
NW_026622874.1,55814403,55814515
NW_026622786.1,64144,65372
NW_026622919.1,8954071,8954235
NW_026622908.1,25716244,25716486
NW_026622863.1,49228072,49228270
NW_026622775.1,65061022,65061127
NW_026622886.1,39159915,39160112
NW_026622919.1,33840018,33840263
NW_026622863.1,20390412,20390614
NW_026622985.1,52561315,52561523
NW_026622775.1,21972353,21972456
NW_026622808.1,21036789,21036892
NW_026623056.1,32242126,32242640
NW_026622775.1,39196938,39200039
NW_026622897.1,42566088,42566285
NC_079873.1,70424478,70430720
NW_026622852.1,13768739,13768868
NW_026623067.1,21451545,21451639
NW_026622919.1,32694012,32694219
NW_026622763.1,27412209,27412418
NW_026622863.1,20281712,20288125
NW_026623078.1,63688156,63694368
NW_026622874.1,47547941,47548065
NW_026622985.1,36964927,36965018
NW_026622974.1,23376140,23376264
NW_026622764.1,46731943,46738417
NW_026622763.1,77316161,77322383
NW_026622986.1,6792559,6798999
NW_026622874.1,38216797,38216940
NW_026623056.1,38182944,38183146
NW_026623078.1,80271197,80271396
NW_026623078.1,61153012,61153205
NW_026623089.1,27302736,27302942
NC_079873.1,17200296,17200437
NW_026623008.1,18532076,18532273
NW_026622874.1,34193998,34200415
NW_026622863.1,42335349,42345071
NW_026622763.1,23789784,23789931
NW_026623056.1,13280872,13285288
NW_026622775.1,64445141,64451390
NW_026622886.1,31968155,31968335
NW_026623030.1,6965444,6965549
NC_079873.1,72813948,72822530
NW_026623056.1,44255799,44255876
NW_026622852.1,32894210,32894285
NW_026623100.1,75890620,75890827
NW_026622852.1,46813188,46813264
NW_026622863.1,49494814,49495018
NC_079873.1,78852474,78858549
NC_079873.1,92850742,92857149
NW_026622830.1,17770008,17778326
NW_026622941.1,10598965,10599168
NW_026622897.1,8539226,8539327
NW_026622985.1,18581544,18587782
NW_026623100.1,72093366,72099596
NW_026622863.1,5605300,5605493
NW_026623078.1,29436574,29436772
NW_026622841.1,37420198,37420343
NW_026623100.1,73124661,73124863
NW_026622775.1,42984079,42984244
NW_026622897.1,2998171,2998369
NC_079873.1,48218126,48224415
NW_026623078.1,47668680,47675797
NW_026622874.1,61354093,61354244
NW_026622897.1,9634631,9634741
NW_026623030.1,21865790,21866012
NC_079873.1,100125157,100125253
NC_079873.1,23050279,23050374
NW_026623067.1,43012761,43012857
NW_026622797.1,46641827,46648848
NW_026622985.1,41520472,41526921
NW_026623111.1,1959817,1966055
NW_026622808.1,41855218,41861642
NW_026623067.1,11648196,11654527
NW_026623111.1,45298510,45298724
NW_026622852.1,24196856,24196994
NW_026622985.1,31778808,31778899
NW_026623056.1,13459868,13459935
NW_026622775.1,31415542,31415648
NW_026623056.1,87390972,87391183
NW_026622985.1,54057931,54057997
NW_026622974.1,11037114,11037268
NW_026622963.1,15985822,15992108
NW_026623100.1,68935816,68942143
NW_026622874.1,44243851,44250065
NW_026622819.1,19270501,19276738
NW_026623089.1,28323924,28330361
NW_026622863.1,12851411,12851613
NW_026622786.1,46173064,46173338
NW_026622841.1,38626552,38626749
NW_026622775.1,55777909,55778092
NW_026623111.1,69735871,69736011
NW_026622764.1,49794490,49794690
NW_026622919.1,17507002,17507209
NW_026622941.1,36510982,36511068
NW_026622830.1,24144755,24144818
NW_026622863.1,39074693,39074756
NW_026622841.1,54770915,54771107
NW_026623050.1,11030108,11034417
NW_026622763.1,21753826,21760758
NW_026622808.1,13876493,13876555
NW_026622886.1,17372392,17378836
NW_026622775.1,28060463,28066921
NW_026623067.1,56501924,56503221
NW_026622830.1,43069649,43069710
NW_026623111.1,46455480,46455790
NW_026622985.1,18105599,18105807
NW_026623056.1,92372197,92378407
NW_026623078.1,14268464,14274858
NW_026622974.1,4161792,4161996
NW_026623111.1,48683126,48690832
NW_026622908.1,40352881,40353075
NW_026623056.1,74048805,74048862
NW_026622874.1,2747987,2748042
NW_026622875.1,3085406,3085629
NW_026622930.1,43639551,43639627
NW_026622908.1,32437882,32438128
NW_026623056.1,54011637,54017463
NC_079873.1,27521939,27522063
NW_026622808.1,25844847,25844937
NW_026623089.1,10614241,10614292
NW_026622763.1,65015040,65015245
NW_026622830.1,1920649,1923009
NW_026622763.1,96229083,96229133
NW_026622974.1,14726547,14732420
NW_026622874.1,70968102,70968151
NW_026623078.1,63956431,63956548
NW_026623078.1,54275576,54275733
NW_026623111.1,28547846,28553611
NW_026622875.1,39438213,39438421
NW_026622974.1,19625612,19625809
NW_026622941.1,17366354,17366573
NW_026622874.1,18061910,18061987
NW_026623111.1,54025625,54025827
NW_026622997.1,3159875,3160112
NW_026623056.1,8182625,8188940
NW_026622797.1,51871711,51871814
NC_079873.1,105435482,105435569
NW_026622763.1,3263329,3270704
NW_026622797.1,32352062,32353867
NW_026623056.1,88982730,88989142
NW_026623089.1,7848162,7848235
NW_026622763.1,21919679,21919725
NW_026622874.1,97604302,97604375
NW_026623100.1,21911891,21912129
NC_079873.1,70052321,70056430
NW_026622974.1,9812781,9819160
NW_026622874.1,69618787,69618991
NW_026622974.1,5189830,5189891
NW_026622897.1,36237475,36243013
NW_026623111.1,23806202,23806246
NC_079873.1,65391075,65392875
NW_026622874.1,65667893,65667961
NW_026622763.1,65105601,65109559
NW_026622763.1,97478658,97489101
NW_026622985.1,71748457,71753780
NW_026622930.1,41681120,41690524
NW_026623111.1,20740522,20740726
NW_026622797.1,62939887,62939942
NW_026622763.1,67354627,67354822
NW_026622763.1,82087284,82087349
NW_026622986.1,7987664,7987868
NW_026622875.1,20982187,20982242
NW_026622952.1,20427963,20428003
NW_026622863.1,48061498,48062899
NW_026622886.1,25530914,25531114
NW_026623111.1,26478417,26478480
NW_026622763.1,99762651,99762849
NW_026623019.1,16851755,16851955
NW_026622763.1,82158372,82162950
NW_026622763.1,64494453,64496965
NW_026622897.1,50542054,50543476
NC_079873.1,57744731,57746254
NW_026623056.1,10457520,10457733
NW_026622841.1,22971542,22975767
NW_026622808.1,33021984,33022184
NW_026623067.1,42968611,42968774
NW_026622874.1,47028115,47028316
NW_026623053.1,7683450,7686664
NW_026622985.1,67811785,67816089
NW_026622841.1,26757461,26757694
NW_026622797.1,70020437,70023488
NW_026622786.1,65111224,65115343
NW_026623067.1,36511627,36511679
NW_026623030.1,17063268,17067247
NW_026622985.1,100976355,100976565
NW_026622874.1,9588020,9588231
NW_026622930.1,23133017,23135894
NW_026622963.1,10432272,10432480
NW_026623078.1,74470539,74470746
NC_079873.1,117435951,117436058
NW_026622841.1,42154362,42154409
NW_026622841.1,40671308,40680224
NW_026622863.1,11188346,11188395
NW_026623100.1,70727481,70727684
NW_026623056.1,23111233,23115617
NW_026623111.1,40963454,40967965
NW_026622763.1,69674681,69674729
NW_026623089.1,72193522,72193635
NW_026622797.1,55988454,55988512
NW_026623078.1,57093858,57098069
NW_026622852.1,48591456,48591499
NC_079873.1,51365264,51369110
NW_026623056.1,10044553,10044768
NW_026622908.1,18143434,18147377
NW_026623100.1,53164094,53170507
NW_026622808.1,6745937,6746023
NW_026622852.1,53009939,53009981
NW_026622908.1,2816354,2817258
NW_026622875.1,28834836,28837272
NW_026622886.1,23748115,23751910
NW_026622863.1,42547840,42548046
NW_026623030.1,6272595,6276889
NW_026622985.1,41163742,41163786
NW_026623030.1,431413,435926
NW_026622930.1,23580602,23584245
NW_026622874.1,94889528,94889710
NW_026622763.1,7941719,7945277
NW_026623089.1,68999935,69003845
NW_026623056.1,9831607,9835540
NW_026623078.1,11338029,11338082
NW_026623067.1,57634658,57635275
NW_026622874.1,47017941,47018086
NW_026622830.1,5731518,5731710
NW_026622875.1,1176736,1176933
NW_026623019.1,6027555,6027620
NW_026623067.1,79626631,79626833
NW_026622763.1,2004797,2006813
NW_026623111.1,23302661,23306432
NW_026622886.1,48931373,48931577
NW_026623100.1,43602272,43602359
NW_026622875.1,3849711,3851723
NW_026623008.1,23807055,23811238
NW_026623056.1,22545748,22546001
NW_026622919.1,5204170,5204395
NW_026623067.1,45462739,45462932
NW_026622763.1,78196746,78196979
NW_026622897.1,20282336,20282541
NW_026622819.1,15096666,15096708
NW_026623089.1,74507981,74509406
NW_026623056.1,74166424,74169722
NW_026622830.1,27278790,27278997
NC_079873.1,76706452,76706663
NW_026622764.1,21977603,21977804
NW_026622852.1,1133225,1133356
NW_026623056.1,16542050,16546263
NC_079873.1,60291441,60291603
NW_026622908.1,19568704,19568894
NW_026623067.1,13029251,13029309
NW_026622974.1,35039866,35040071
NW_026622775.1,63555976,63558996
NW_026623067.1,31439803,31442666
NW_026623100.1,65842083,65842284
NW_026622786.1,70273134,70274671
NW_026622985.1,60640599,60643429
NW_026623050.1,23484415,23484641
NW_026623078.1,85048657,85048699
NW_026623056.1,54173112,54173313
NW_026623008.1,14600918,14603203
NW_026622952.1,35412636,35415541
NW_026622852.1,53694187,53694385
NW_026623100.1,55772485,55772694
NW_026623089.1,29879743,29879955
NC_079873.1,114781880,114785102
NW_026622775.1,19701840,19704715
NW_026622830.1,17107764,17112767
NW_026623100.1,8416429,8416471
NW_026623056.1,89824057,89824269
NC_079873.1,84259098,84259172
NW_026622985.1,18719230,18720962
NW_026622819.1,25714653,25717346
NW_026623050.1,11043725,11045144
NW_026622763.1,3488139,3490633
NW_026622930.1,5304036,5306755
NW_026622874.1,76521917,76521958
NW_026622997.1,8422993,8423042
NW_026622808.1,33034014,33034217
NW_026622874.1,92886433,92889251
NW_026622941.1,20495314,20495519
NW_026623030.1,5616467,5616616
NW_026623100.1,60710341,60713192
NW_026622786.1,22655787,22655988
NW_026622808.1,60615834,60615879
NW_026623056.1,70242225,70244983
NW_026622897.1,16210756,16213425
NW_026622985.1,68224328,68224527
NW_026623111.1,14712202,14712399
NW_026622986.1,28944831,28947391
NW_026623056.1,60450970,60453991
NW_026622786.1,65164506,65164558
NW_026622930.1,39773641,39773696
NW_026623019.1,23898127,23898312
NW_026623111.1,120566,120763
NW_026623089.1,63642515,63642711
NW_026623053.1,20332603,20336392
NW_026623067.1,29484886,29484955
NW_026622763.1,66638867,66638924
NW_026623019.1,29276993,29278832
NW_026623056.1,12329813,12332347
NW_026622874.1,72641435,72643905
NW_026622875.1,28730853,28733503
NW_026622930.1,2486135,2488826
NW_026623030.1,5071428,5071488
NW_026622997.1,32710694,32710894
NW_026622908.1,34758577,34758803
NC_079873.1,101621639,101625193
NW_026622763.1,58085975,58088466
NW_026622985.1,89947263,89947307
NW_026622874.1,42777346,42777562
NW_026622963.1,10630,10884
NW_026622874.1,59415981,59417751
NW_026622974.1,14735441,14735642
NW_026622808.1,4604397,4608559
NW_026623019.1,30899761,30901420
NW_026622874.1,26875124,26877752
NW_026622852.1,28693868,28693913
NW_026623067.1,71140934,71141143
NW_026622775.1,42571312,42571512
NC_079873.1,60104143,60104264
NW_026623089.1,12993850,12996090
NW_026622841.1,21108503,21108669
NW_026623067.1,89366108,89366300
NW_026622797.1,51885606,51885810
NW_026622875.1,35065817,35067735
NW_026622986.1,27746536,27748759
NW_026622985.1,35351572,35354001
NW_026622786.1,902418,905080
NW_026622763.1,42249905,42250033
NW_026623089.1,64834808,64836563
NW_026622863.1,15466037,15466238
NW_026623067.1,10152142,10152339
NW_026622808.1,30626775,30626976
NW_026622763.1,62611690,62611895
NW_026623067.1,21958086,21959965
NW_026623100.1,3120892,3121097
NW_026623056.1,66158397,66158605
NW_026623078.1,14368267,14369484
NW_026622763.1,5823064,5825516
NW_026623056.1,6330419,6330466
NW_026622863.1,15989932,15991754
NW_026623100.1,29324225,29325706
NW_026622852.1,20193215,20193258
NW_026622764.1,51492904,51494843
NW_026622908.1,36650560,36650767
NW_026622763.1,80759371,80759570
NW_026622775.1,55428280,55430683
NW_026623111.1,50398322,50398419
NW_026622797.1,68059733,68061308
NW_026623067.1,78024258,78026658
NW_026622830.1,24124918,24127393
NW_026623019.1,7358319,7360281
NW_026622886.1,37218487,37220361
NW_026622797.1,31237069,31237116
NW_026622797.1,28778239,28780557
NW_026623067.1,29486107,29488415
NW_026622897.1,35143901,35145991
NW_026623030.1,5466044,5466089
NW_026622952.1,18415216,18415436
NW_026622863.1,40046224,40046431
NW_026622874.1,47605405,47605596
NW_026622874.1,102771874,102772181
NW_026623067.1,13588180,13588369
NW_026622952.1,38095611,38095979
NW_026622852.1,13164086,13164274
NW_026622908.1,41314418,41315061
NW_026623111.1,68092556,68095130
NW_026623100.1,82875202,82877210
NW_026622775.1,9767171,9768729
NW_026623089.1,27743726,27745397
NW_026622852.1,36325322,36327370
NW_026622875.1,6253715,6255628
NW_026622808.1,30266650,30268011
NW_026622764.1,49276718,49278939
NC_079873.1,44730067,44731923
NW_026622941.1,17664641,17664729
NW_026622985.1,64992290,64994335
NW_026622863.1,3459485,3460503
NW_026622986.1,32889644,32889902
NW_026623008.1,4601038,4601254
NW_026622897.1,42730519,42732282
NW_026622775.1,19212087,19212294
NW_026622908.1,6013972,6014017
NW_026622919.1,21182875,21183077
NC_079873.1,58409299,58410420
NW_026622897.1,31389505,31391505
NW_026622875.1,29473066,29473165
NW_026622963.1,16647812,16648051
NW_026623111.1,1845400,1846885
NW_026622863.1,43069711,43070988
NW_026622841.1,23200473,23201943
NW_026623053.1,25215812,25216457
NW_026623050.1,11047851,11048197
NW_026623078.1,81631835,81632035
NC_079873.1,33890311,33891675
NW_026623053.1,23366451,23368289
NW_026622908.1,6060253,6061935
NW_026623100.1,69077186,69077228
NW_026623030.1,12748025,12750183
NW_026622786.1,70311137,70313080
NW_026623008.1,26533045,26534947
NW_026623019.1,666611,666680
NW_026623078.1,66032158,66032221
NW_026622908.1,32601970,32603634
NW_026622874.1,81901824,81903744
NW_026622886.1,37561822,37563360
NW_026622875.1,16766519,16766721
NW_026622763.1,3195204,3198333
NW_026623111.1,6367356,6369307
NW_026622874.1,90495000,90495134
NW_026623078.1,73962481,73964020
NW_026623056.1,13752762,13752956
NW_026622863.1,57179505,57180825
NW_026622908.1,32393451,32394769
NW_026623089.1,73204631,73207836
NW_026622985.1,6363970,6365919
NW_026622863.1,41047589,41048765
NW_026622985.1,77503115,77505205
NW_026622763.1,58444089,58444292
NC_079873.1,72757380,72759295
NW_026622874.1,32740605,32740757
NW_026622963.1,36116842,36118646
NW_026622941.1,10291301,10293231
NW_026622875.1,43135116,43136862
NW_026622764.1,46716275,46718045
NW_026622808.1,33528048,33528244
NW_026622986.1,28162740,28164171
NW_026622763.1,37512356,37514221
NW_026622764.1,21426866,21428729
NW_026623053.1,15118414,15120078
NW_026622985.1,28267389,28267455
NW_026623100.1,2296315,2296510
NW_026622775.1,43032625,43034254
NW_026622985.1,45679707,45679954
NW_026622863.1,15122310,15122511
NW_026622908.1,4733042,4733244
NW_026622763.1,107280864,107282020
NW_026623056.1,63348589,63350265
NW_026623078.1,31551640,31553458
NW_026622863.1,51257195,51270019
NW_026623111.1,23903235,23903451
NW_026622986.1,8967867,8968582
NW_026622874.1,74611230,74612632
NW_026622819.1,37165449,37167102
NW_026622819.1,21708821,21708922
NW_026622763.1,10129638,10129727
NW_026622908.1,2072682,2072886
NW_026622985.1,68245959,68246170
NW_026622963.1,30063821,30064020
NC_079873.1,94489296,94490824
NW_026622763.1,38375564,38377088
NC_079873.1,59704227,59704546
NC_079873.1,120118750,120120027
NW_026623111.1,23100216,23101737
NW_026622841.1,22599116,22601005
NW_026622919.1,40554175,40554373
NW_026623056.1,79546526,79548212
NW_026622863.1,44033522,44033733
NW_026623067.1,70749640,70749708
NW_026622930.1,4123948,4125511
NW_026622797.1,54317847,54317888
NW_026622963.1,32956991,32957183
NW_026622852.1,9913551,9913739
NW_026622852.1,8887595,8887794
NW_026623019.1,23625130,23625297
NW_026623100.1,70743487,70743689
NW_026623111.1,66285276,66285485
NW_026623050.1,7193122,7194574
NC_079873.1,110933250,110934889
NW_026623089.1,35683901,35683946
NW_026623056.1,66343968,66345563
NW_026622941.1,12518539,12518579
NW_026623053.1,10402247,10402903
NW_026623030.1,10203355,10203553
NW_026622797.1,35035925,35037363
NW_026622775.1,1697232,1697333
NW_026622941.1,23437917,23438137
NW_026622874.1,46543647,46545285
NW_026622897.1,25288577,25290404
NW_026623056.1,18910294,18910675
NC_079873.1,79699255,79699461
NW_026622797.1,26553576,26554415
NW_026622797.1,29992350,29993917
NC_079873.1,48960559,48962254
NC_079873.1,76712936,76713132
NW_026623053.1,20344412,20346036
NW_026623030.1,30213852,30214840
NW_026623030.1,29182466,29184011
NW_026623089.1,50364587,50366081
NW_026622808.1,313461,314574
NW_026622919.1,31072532,31072735
NW_026622874.1,86627527,86629138
NW_026622830.1,30212607,30212817
NC_079873.1,82058324,82058529
NW_026622874.1,41821887,41822113
NW_026623056.1,53433547,53433691
NW_026623008.1,22994210,22995646
NW_026623089.1,65242388,65243772
NW_026623111.1,12860217,12860380
NW_026622886.1,49828636,49828847
NW_026623050.1,2218674,2220085
NW_026622985.1,90673039,90674778
NW_026622930.1,41167154,41167349
NW_026623019.1,5434276,5434501
NW_026623100.1,42400027,42401575
NW_026623078.1,57338961,57340359
NW_026622963.1,16710945,16712165
NW_026623111.1,33740208,33740415
NW_026622886.1,14566127,14567698
NC_079873.1,13699071,13699216
NW_026622874.1,97592385,97592587
NW_026622775.1,27368818,27370345
NW_026623078.1,51722876,51723083
NW_026622875.1,39708349,39708566
NW_026622919.1,22475975,22477919
NW_026623089.1,68066934,68068373
NW_026622897.1,4318125,4319550
NW_026622775.1,68394833,68395435
NC_079873.1,95335199,95335401
NW_026622985.1,5459162,5460255
NW_026622897.1,36207512,36208419
NW_026622775.1,31434309,31435873
NW_026622797.1,67311767,67311971
NW_026622874.1,22197402,22197604
NW_026623111.1,10221085,10222400
NW_026623067.1,36584465,36585414
NW_026622852.1,32912954,32914521
NW_026622786.1,30085137,30085360
NC_079873.1,12839514,12839590
NW_026622863.1,9526730,9526924
NW_026623030.1,2552310,2553398
NW_026623089.1,3841266,3841466
NW_026622763.1,8557211,8557446
NW_026622908.1,19846124,19848180
NW_026623067.1,72494874,72495076
NW_026622808.1,61718360,61718585
NW_026622852.1,30211848,30212053
NC_079873.1,11062933,11063133
NW_026622786.1,63003216,63003423
NW_026622985.1,83134648,83134859
NW_026622775.1,14942589,14943980
NW_026623056.1,76979072,76979159
NW_026622886.1,16765037,16765094
NW_026622764.1,1351029,1351318
NW_026622875.1,1640311,1641558
NC_079873.1,33940697,33941717
NW_026622986.1,3088101,3089487
NW_026622763.1,77971926,77972115
NW_026623050.1,4729481,4729698
NW_026623050.1,7020361,7020564
NW_026622897.1,32429738,32431021
NW_026622863.1,48870153,48870374
NW_026623089.1,57085036,57086511
NW_026622986.1,34910228,34910428
NW_026623067.1,38692623,38692765
NW_026622875.1,38909043,38909106
NW_026622897.1,59603999,59604231
NW_026622919.1,32774441,32774640
NW_026623030.1,6488760,6488960
NW_026623019.1,8483288,8484670
NW_026622908.1,43505714,43506872
NW_026622841.1,14071453,14072472
NC_079873.1,25450135,25450350
NW_026622919.1,42275614,42275821
NW_026622786.1,13865984,13866206
NW_026622963.1,35874663,35874863
NW_026622963.1,13598590,13599705
NW_026622786.1,22895010,22896260
NW_026623111.1,58990296,58990502
NW_026623089.1,22300308,22300450
NW_026622775.1,24599449,24599688
NW_026622985.1,48752931,48753127
NW_026622763.1,92118089,92118292
NW_026622775.1,8511205,8511408
NW_026623067.1,53184320,53184532
NW_026622775.1,28497328,28497571
NW_026622952.1,17872863,17873075
NW_026622764.1,54277121,54278500
NW_026623030.1,20132342,20132561
NW_026623089.1,10607070,10607274
NC_079873.1,39652886,39653198
NW_026623067.1,75077660,75077888
NC_079873.1,72301900,72302144
NW_026623089.1,29506468,29507637
NW_026622797.1,69750077,69750293
NW_026622974.1,19003861,19004067
NW_026623078.1,75105708,75106914
NW_026623056.1,11119355,11119559
NW_026622963.1,22922196,22923494
NC_079873.1,52721014,52721215
NW_026622874.1,89214653,89215877
NW_026622819.1,45328633,45329598
NW_026622941.1,10078763,10078975
NW_026622775.1,54286128,54286350
NW_026622830.1,23213620,23213832
NW_026622852.1,2841951,2842490
NW_026622919.1,30739073,30740204
NW_026622897.1,13939808,13940952
NW_026622830.1,14893645,14894905
NW_026623019.1,6074387,6074593
NW_026623089.1,77738749,77739208
NW_026622763.1,42232502,42232704
NW_026623111.1,46272513,46273735
NW_026622763.1,69400735,69400822
NW_026623030.1,15131543,15131749
NW_026622786.1,49996906,49997125
NW_026622797.1,35627940,35629147
NW_026622786.1,67290041,67291190
NW_026622986.1,17384618,17384823
NW_026622963.1,18875722,18876628
NW_026622852.1,26206278,26207511
NW_026622919.1,33121560,33121813
NW_026622841.1,29239089,29239294
NW_026622786.1,41993179,41993375
NC_079873.1,96225265,96225471
NW_026622875.1,52210219,52210355
NW_026622852.1,60654608,60654661
NW_026623067.1,73727328,73727530
NW_026622808.1,69279759,69279961
NC_079873.1,9484916,9485111
NW_026622874.1,49272265,49273259
NW_026622841.1,49460684,49460925
NW_026622974.1,4730595,4731467
NW_026622763.1,34529716,34530948
NW_026622763.1,38260819,38262009
NW_026622874.1,60123258,60124374
NW_026622874.1,48020128,48020928
NW_026623078.1,42247866,42249218
NW_026622985.1,6997914,6999029
NW_026622830.1,24231054,24232004
NW_026623019.1,1063149,1064303
NW_026622863.1,43084413,43084675
NW_026622908.1,26107679,26107747
NW_026622863.1,50280677,50280886
NW_026622874.1,48719270,48720381
NW_026622874.1,82435678,82435922
NW_026622963.1,14820534,14820762
NW_026622974.1,23140211,23140291
NW_026622897.1,36169195,36170387
NW_026622808.1,14189573,14189781
NW_026623078.1,73570430,73570625
NW_026622875.1,50755010,50755207
NW_026622997.1,23730300,23731397
NW_026622874.1,77794581,77795730
NW_026622775.1,45250974,45253673
NW_026622797.1,24345839,24346045
NW_026622952.1,17966907,17968075
NW_026622974.1,31507480,31508776
NC_079873.1,73857660,73858882
NW_026622919.1,21677531,21677773
NW_026622919.1,844965,845833
NW_026622763.1,97467384,97467583
NW_026623056.1,13670875,13671087
NW_026623019.1,7702352,7702554
NW_026623100.1,51684320,51684484
NW_026622930.1,6098724,6099745
NW_026623111.1,1915009,1915674
NC_079873.1,70212932,70214035
NW_026622952.1,31800902,31801111
NW_026622985.1,101172982,101173234
NW_026623008.1,20164490,20164719
NW_026622808.1,17018648,17018853
NW_026622764.1,68587533,68587794
NW_026622985.1,24011516,24011722
NW_026622797.1,34568048,34568268
NW_026622763.1,109137678,109138756
NW_026623030.1,30579456,30580677
NW_026622775.1,53897042,53897268
NW_026622952.1,20637531,20637735
NW_026622763.1,5619027,5620295
NW_026623050.1,9477733,9477840
NW_026623067.1,2381078,2381348
NC_079873.1,73820755,73821382
NW_026623053.1,25495256,25496116
NW_026623111.1,21933494,21934621
NW_026623067.1,76607578,76607792
NW_026623056.1,14270402,14271413
NW_026622986.1,15089215,15090245
NW_026622841.1,33393444,33394356
NW_026622841.1,38225921,38226419
NW_026622797.1,51783645,51784434
NW_026622985.1,69754263,69754331
NC_079873.1,22302817,22303007
NW_026622874.1,25154695,25154898
NW_026622863.1,48373189,48373445
NW_026622841.1,22809500,22809717
NW_026622863.1,20702325,20703362
NW_026622764.1,23668962,23670096
NW_026622830.1,46212135,46212887
NW_026622830.1,8659813,8660923
NW_026622841.1,42566532,42566740
NW_026622841.1,55749525,55750358
NW_026622863.1,55146769,55146862
NW_026622764.1,70715585,70715777
NW_026622841.1,6647828,6648839
NW_026623089.1,56190178,56190397
NW_026622841.1,34356039,34356185
NW_026622841.1,33433977,33434178
NW_026622797.1,58757231,58757432
NW_026623050.1,23542251,23542338
NW_026623019.1,608129,608272
NW_026623056.1,34831810,34832035
NW_026623089.1,15553113,15553747
NW_026622908.1,4707710,4708411
NW_026623089.1,57901697,57902611
NW_026622985.1,90176688,90176896
NW_026622874.1,88184610,88184821
NC_079873.1,115514242,115514899
NW_026623067.1,69723344,69724585
NW_026622874.1,59414276,59414486
NC_079873.1,39638776,39639554
NW_026623111.1,1929561,1930404
NW_026622763.1,13069397,13070463
NW_026622808.1,10992295,10993257
NW_026623050.1,11039879,11040163
NW_026622874.1,49104866,49105066
NW_026623067.1,81824284,81825290
NW_026622841.1,29226576,29226794
NW_026622786.1,61864971,61865223
NW_026623111.1,9879547,9879592
NW_026622819.1,9640659,9640857
NW_026622863.1,52586265,52586476
NW_026623078.1,27042331,27043016
NW_026622963.1,22685826,22686594
NW_026622797.1,14223717,14224837
NW_026622819.1,31024579,31024778
NW_026622797.1,64257147,64257342
NW_026622963.1,8261917,8262111
NW_026622852.1,27834834,27835046
NW_026623100.1,40463820,40464812
NW_026623089.1,33389090,33389326
NW_026622863.1,45001472,45001689
NC_079873.1,85634328,85634697
NW_026622764.1,75184751,75185739
NW_026622775.1,31275364,31275568
NW_026623067.1,55957027,55957890
NW_026622875.1,30909012,30909604
NW_026622908.1,6050371,6050618
NW_026622863.1,48112534,48112743
NW_026622852.1,5169295,5170354
NW_026622863.1,2470349,2471287
NW_026622808.1,14095509,14095657
NW_026623089.1,57137370,57137575
NW_026623050.1,23420753,23420974
NW_026622786.1,68367571,68367773
NW_026622986.1,17205702,17205909
NW_026622808.1,7873819,7874028
NW_026622808.1,30999113,30999351
NW_026622764.1,32720321,32720507
NW_026623056.1,41938066,41938280
NW_026623030.1,3480655,3480868
NW_026622908.1,40865811,40866036
NW_026622819.1,32868799,32868993
NW_026622797.1,403917,404290
NC_079873.1,96393365,96393500
NW_026623067.1,33950672,33950874
NW_026623067.1,38421446,38421657
NW_026623056.1,23600437,23600530
NW_026623100.1,32319853,32320061
NW_026622763.1,26017197,26018273
NW_026622897.1,22474876,22474968
NW_026623089.1,77250016,77250215
NW_026623067.1,10100653,10101491
NW_026623019.1,5708174,5708378
NW_026622919.1,34123430,34123581
NW_026622797.1,53750872,53751071
NW_026622786.1,35492378,35492578
NW_026623067.1,14881782,14882003
NC_079873.1,12656162,12656366
NC_079873.1,66747404,66748206
NW_026622852.1,59439612,59439811
NC_079873.1,59109768,59109985
NW_026622763.1,43564925,43565119
NW_026623089.1,56640795,56641552
NW_026622986.1,31763549,31764360
NW_026622985.1,9230328,9230532
NW_026623100.1,31066022,31066220
NW_026622874.1,82702092,82702310
NW_026623111.1,79605610,79605813
NW_026622775.1,27282211,27282413
NW_026622930.1,5722754,5722959
NW_026622930.1,40393407,40393612
NW_026622852.1,32826568,32826729
NW_026623056.1,30746207,30746688
NW_026622763.1,40845085,40845836
NW_026622852.1,17002271,17002470
NW_026623078.1,40343688,40343891
NW_026622930.1,35394613,35394822
NW_026622941.1,13579693,13579884
NW_026623078.1,66758557,66760489
NW_026622974.1,22851947,22852739
NW_026622874.1,89009903,89010110
NW_026623111.1,35501967,35502165
NW_026622897.1,35415440,35416386
NW_026622930.1,15045141,15045621
NC_079873.1,36813272,36813386
NW_026623078.1,73528932,73529655
NW_026623100.1,25472976,25473719
NW_026622874.1,56319769,56319967
NW_026623067.1,66424673,66424879
NW_026623050.1,12927256,12928096
NW_026623050.1,16022824,16023071
NW_026622985.1,65828308,65828514
NW_026622875.1,38926844,38927045
NW_026622863.1,1585471,1585680
NW_026622852.1,45495529,45496413
NW_026622863.1,48111164,48111364
NW_026622819.1,44941472,44942518
NW_026622997.1,19227694,19227899
NW_026623067.1,90648163,90648282
NW_026623078.1,9443114,9443206
NW_026622863.1,23489365,23490325
NW_026622786.1,45373790,45373873
NW_026623056.1,95033927,95034888
NW_026623100.1,66137330,66137528
NW_026622875.1,13432151,13433108
NW_026622875.1,50359493,50359789
NW_026623050.1,210986,211195
NW_026622852.1,20611453,20612399
NW_026623030.1,5881748,5881800
NW_026622963.1,26280456,26281594
NW_026622874.1,102577271,102577473
NW_026623089.1,59174936,59175588
NW_026622875.1,27933682,27934501
NW_026623100.1,72777220,72778715
NW_026622852.1,19518404,19519219
NW_026622763.1,29858491,29858695
NW_026623050.1,3102367,3102563
NW_026623056.1,23639217,23639426
NW_026622763.1,10671910,10672815
NW_026622963.1,33241627,33241833
NW_026622897.1,36179699,36179912
NW_026623067.1,79638888,79639768
NW_026622830.1,36435559,36436474
NW_026623056.1,93682976,93683820
NW_026623100.1,74063181,74064059
NW_026622841.1,36619343,36619532
NW_026622786.1,70757891,70758092
NW_026622797.1,69900026,69900668
NW_026622763.1,96237049,96237236
NW_026622819.1,35195475,35195683
NW_026622819.1,12886154,12887052
NW_026622952.1,7330884,7331093
NW_026622886.1,817817,818034
NW_026622930.1,42611266,42611474
NW_026622963.1,21880450,21880686
NW_026622874.1,49001817,49003140
NW_026623078.1,40664036,40664298
NW_026623100.1,14941074,14941153
NW_026622985.1,70359896,70360115
NW_026623100.1,2168516,2169163
NW_026622763.1,75178624,75178829
NW_026622775.1,30210460,30210631
NW_026622863.1,290421,290906
NW_026622764.1,79041052,79041540
NW_026622863.1,17174766,17174977
NW_026622775.1,65502781,65503638
NW_026622808.1,37973356,37973588
NC_079873.1,21052554,21053126
NW_026622775.1,31858164,31858350
NC_079873.1,54047735,54047966
NW_026623056.1,35929617,35930581
NW_026622819.1,30553950,30554052
NW_026622963.1,3545076,3545831
NW_026622974.1,5163749,5164284
NW_026622786.1,53733099,53733259
NW_026622830.1,451284,451352
NW_026622775.1,19176245,19177113
NW_026622985.1,48804374,48804515
NW_026622908.1,47311752,47311945
NW_026622830.1,7617211,7617416
NW_026623056.1,90815721,90815876
NW_026622874.1,49931925,49932129
NW_026622963.1,6494146,6494348
NW_026623100.1,33617407,33617635
NW_026622875.1,26471711,26471919
NW_026622875.1,19298984,19299190
NW_026623111.1,3150708,3150918
NW_026622797.1,47232162,47232391
NW_026622985.1,80901210,80901421
NC_079873.1,34250564,34250629
NW_026622775.1,47555197,47555968
NW_026622985.1,70151652,70152480
NC_079873.1,27432516,27432723
NW_026623053.1,27034294,27034510
NW_026622797.1,3205065,3205272
NW_026622874.1,10857207,10858218
NW_026623030.1,21511603,21511808
NW_026622763.1,33134812,33135029
NW_026622763.1,13080677,13080732
NW_026622985.1,60129840,60130678
NW_026622786.1,17732109,17732333
NW_026623078.1,8207875,8208081
NW_026622841.1,57976694,57977542
NC_079873.1,101607555,101607778
NW_026623008.1,1562391,1562583
NW_026623111.1,49275809,49276011
NW_026623056.1,84498540,84498732
NW_026622775.1,37631974,37632170
NW_026622963.1,6912118,6912720
NW_026622764.1,6107928,6108686
NW_026622919.1,40311825,40312037
NW_026622908.1,46694996,46695205
NW_026623019.1,704057,705226
NW_026622863.1,40202336,40202544
NW_026622819.1,25467018,25467225
NW_026622886.1,46473237,46473439
NW_026623008.1,29012008,29012270
NC_079873.1,90330341,90330548
NW_026622808.1,71784067,71784274
NW_026622763.1,88228217,88229057
NW_026622775.1,14417720,14417927
NW_026623067.1,70345541,70345745
NW_026622874.1,92735410,92735617
NW_026623089.1,29505152,29505798
NW_026622985.1,80045500,80046314
NW_026623050.1,13275107,13276040
NW_026623078.1,41465029,41465141
NW_026622863.1,54481147,54481356
NW_026623089.1,38352516,38353333
NW_026623019.1,11006485,11006693
NW_026622985.1,54999867,55000063
NC_079873.1,100622564,100622771
NW_026622863.1,57466013,57466224
NC_079873.1,58821453,58821564
NW_026622863.1,54986343,54986563
NW_026622941.1,10206608,10206806
NW_026622830.1,24927178,24928134
NW_026623078.1,64000941,64001510
NW_026622852.1,53361032,53361607
NW_026622797.1,25932707,25932880
NW_026622797.1,7048100,7048307
NW_026622963.1,30485763,30485975
NW_026622764.1,38372321,38372405
NW_026623067.1,9866813,9867582
NW_026622775.1,53899480,53899680
NW_026622775.1,6356699,6356908
NC_079873.1,39332400,39332620
NW_026623067.1,71669580,71669775
NW_026622852.1,28594842,28594896
NW_026622985.1,6241454,6241648
NW_026622808.1,10501023,10501228
NW_026622930.1,1538215,1538410
NW_026623100.1,22222219,22222984
NW_026622874.1,46189271,46189476
NW_026622919.1,5489669,5489887
NW_026622874.1,83057959,83058164
NW_026622886.1,47339989,47340188
NW_026623067.1,72868834,72869065
NW_026623030.1,31023857,31024604
NW_026622763.1,7977371,7977427
NW_026622897.1,44147953,44148454
NW_026623100.1,21524182,21524847
NW_026623111.1,46994036,46994835
NW_026623067.1,73390619,73390892
NC_079873.1,95737444,95738189
NW_026623067.1,42282516,42283128
NW_026622875.1,11890172,11890376
NW_026622874.1,43754786,43754883
NW_026623067.1,78415219,78415960
NW_026622763.1,8739296,8740059
NW_026622875.1,28766633,28766814
NW_026623067.1,74028847,74029091
NW_026622985.1,86894376,86894549
NW_026623030.1,23377150,23377358
NW_026622941.1,22307722,22308457
NW_026622985.1,85004645,85004863
NW_026622764.1,41035138,41035352
NW_026623067.1,47706750,47706861
NW_026622764.1,76464607,76464818
NW_026622874.1,30153027,30153712
NW_026622775.1,57577536,57578376
NW_026622786.1,29819882,29820084
NW_026622875.1,26125253,26125461
NW_026622874.1,5558093,5558696
NW_026622952.1,20227220,20227420
NW_026622852.1,14953910,14954579
NW_026622897.1,35776458,35776720
NW_026622908.1,14951381,14952061
NW_026623111.1,11865917,11866576
NW_026623056.1,13178874,13179562
NW_026622919.1,6072466,6072690
NW_026623008.1,4145475,4145706
NW_026622797.1,21904464,21904705
NW_026622985.1,31710980,31711263
NW_026622797.1,34103664,34103874
NW_026622797.1,7709309,7709510
NW_026622775.1,32106357,32106564
NW_026622763.1,3199956,3200153
NW_026622863.1,50085681,50085888
NW_026622819.1,25114092,25114288
NW_026622919.1,19051998,19052195
NW_026622874.1,49171654,49171867
NC_079873.1,46928057,46928621
NW_026622874.1,100656214,100656383
NW_026622897.1,32073995,32074612
NW_026622775.1,30181185,30181939
NW_026622775.1,48456122,48456324
NW_026623100.1,68791283,68791495
NW_026622819.1,36678471,36678689
NW_026622886.1,18381108,18381320
NW_026623111.1,40365427,40365622
NW_026622808.1,29084881,29085108
NW_026622830.1,19682314,19682519
NW_026622841.1,18451181,18451386
NW_026622930.1,19164422,19165091
NW_026622797.1,26469371,26469580
NW_026622874.1,18097452,18098069
NW_026623100.1,25009073,25009277
NW_026623050.1,24284300,24284495
NW_026623050.1,24351713,24351912
NW_026622808.1,23502367,23502448
NW_026622775.1,41625198,41625412
NW_026622875.1,56099639,56099839
NW_026623067.1,73403230,73403432
NW_026622930.1,26275028,26275244
NW_026622786.1,16536735,16537253
NW_026622874.1,32957980,32958191
NW_026622863.1,4240100,4240313
NW_026622863.1,49445870,49446072
NW_026622763.1,42271497,42271710
NW_026622786.1,67308514,67308715
NW_026622763.1,5627409,5628145
NW_026623008.1,26962368,26962581
NW_026623111.1,71423221,71423430
NW_026622819.1,1961054,1961839
NW_026623056.1,60471889,60472089
NW_026622930.1,31367025,31367217
NW_026622797.1,53767467,53767684
NW_026622808.1,54043814,54044129
NW_026623111.1,25367359,25367684
NW_026622974.1,31490640,31490905
NW_026622841.1,4370838,4371058
NW_026622952.1,10383590,10383789
NC_079873.1,118442895,118443103
NW_026623100.1,35754520,35755064
NW_026622897.1,35244435,35244663
NW_026623078.1,85189951,85190237
NW_026622763.1,10899338,10899836
NW_026622819.1,9039494,9039703
NW_026623056.1,92473781,92473998
NW_026622863.1,387863,388531
NW_026623111.1,455091,455733
NW_026623056.1,93465191,93465759
NW_026622874.1,11309627,11309833
NW_026622897.1,30826945,30827413
NW_026622786.1,72693858,72694527
NC_079873.1,83142202,83142701
NW_026622941.1,16490074,16490239
NW_026622808.1,66939510,66939712
NW_026622974.1,4109202,4109292
NW_026623067.1,42166800,42167004
NW_026622874.1,92211463,92211576
NC_079873.1,60752015,60752625
NW_026623078.1,53475341,53475549
NC_079873.1,85343661,85343867
NC_079873.1,72281928,72282131
NW_026622930.1,37086001,37086198
NW_026622886.1,2077650,2078188
NW_026622908.1,20044572,20045975
NW_026622775.1,34649199,34649427
NW_026622797.1,68020135,68020343
NC_079873.1,47277538,47277747
NW_026622952.1,31812176,31812386
NW_026622797.1,42207292,42207496
NW_026622886.1,38186631,38187426
NW_026622808.1,54823800,54823941
NW_026622863.1,33326166,33326376
NW_026622985.1,7000348,7000570
NW_026622819.1,32212198,32212350
NW_026622764.1,34651409,34651670
NW_026623008.1,23835352,23835577
NW_026622763.1,79990726,79991076
NW_026622763.1,17769235,17769791
NW_026622952.1,35706559,35707268
NW_026622897.1,12033805,12034016
NW_026622897.1,51692091,51692312
NW_026622786.1,61464167,61464379
NW_026622874.1,40708033,40708309
NC_079873.1,119079186,119079425
NW_026623078.1,40236641,40236858
NW_026623089.1,33386816,33387055
NW_026622852.1,7229117,7229788
NC_079873.1,76027380,76027581
NC_079873.1,15785585,15785796
NC_079873.1,67872631,67872874
NW_026622874.1,66422892,66423020
NW_026623100.1,27560741,27560915
NC_079873.1,81693994,81694206
NW_026622852.1,44877254,44877474
NW_026623019.1,17131437,17131751
NW_026622919.1,16518808,16519036
NW_026623089.1,54667159,54667402
NW_026622897.1,11997083,11997318
NW_026622874.1,49081074,49081171
NW_026622963.1,34829013,34829658
NW_026622808.1,32288829,32289031
NW_026623067.1,76948406,76948917
NW_026623100.1,13776533,13777188
NW_026622952.1,27995189,27995887
NW_026623100.1,24858125,24858806
NW_026622786.1,47861599,47861813
NW_026623089.1,11951876,11952078
NW_026622764.1,74455274,74455754
NW_026622852.1,47005620,47005815
NW_026622808.1,31923058,31923282
NW_026622763.1,22031811,22032031
NW_026623078.1,76901811,76902022
NW_026622763.1,65100241,65100764
NW_026623078.1,40840365,40840595
NC_079873.1,38772895,38773100
NW_026622775.1,51290251,51290447
NW_026623053.1,7143678,7143886
NW_026623067.1,40923128,40923341
NW_026623067.1,67718374,67719055
NW_026622963.1,34187485,34187700
NC_079873.1,39768791,39769035
NW_026622763.1,5391420,5391626
NW_026622819.1,1849580,1850126
NW_026622808.1,19647112,19647310
NW_026622775.1,68226215,68226329
NW_026622764.1,59309107,59309452
NW_026622852.1,5167423,5167626
NW_026622786.1,63678381,63678599
NW_026623056.1,22547959,22548170
NW_026622963.1,23231346,23231551
NW_026622874.1,98976424,98976953
NW_026622786.1,28507281,28507953
NW_026622863.1,40017572,40017790
NW_026622808.1,32811947,32812136
NW_026622808.1,1645867,1646073
NW_026622841.1,22610146,22610345
NW_026622963.1,3179384,3179987
NW_026623053.1,21923583,21923804
NW_026622863.1,56136023,56136234
NW_026623056.1,39642327,39642527
NW_026622985.1,798724,799189
NW_026623019.1,18892337,18892969
NW_026623053.1,17090707,17090900
NW_026623078.1,27915190,27915700
NW_026622797.1,65468864,65473276
NW_026622797.1,67776597,67776793
NW_026622775.1,60939753,60940339
NW_026622819.1,31409789,31410402
NW_026622797.1,30400968,30401173
NW_026623008.1,19105516,19105718
NW_026622763.1,21562684,21562766
NW_026622819.1,9792156,9792256
NW_026622819.1,49630968,49631169
NW_026622775.1,58236608,58236826
NW_026623078.1,40673978,40674178
NW_026622930.1,33688161,33688364
NW_026623030.1,11543567,11543767
NW_026622819.1,35196527,35196753
NW_026623089.1,35587990,35588204
NW_026623067.1,18253637,18253857
NW_026622908.1,38021256,38021457
NC_079873.1,61638395,61638593
NW_026622786.1,73236619,73236769
NW_026623056.1,12274993,12275210
NW_026623089.1,66197195,66197867
NW_026623056.1,55721137,55721878
NC_079873.1,119210385,119210579
NW_026623050.1,259988,260215
NW_026622797.1,4598871,4599060
NW_026623050.1,19913946,19914177
NW_026622908.1,26744489,26745209
NW_026622830.1,44187360,44187561
NW_026622786.1,68241771,68242392
NW_026622874.1,47051769,47051999
NW_026622819.1,16973918,16974498
NW_026623008.1,15266556,15266810
NW_026623100.1,32400791,32400998
NW_026622886.1,46449005,46449793
NW_026623089.1,17106811,17106960
NW_026622874.1,68791138,68791377
NW_026622763.1,107613789,107614007
NW_026622808.1,17020102,17020152
NW_026623078.1,61579151,61579242
NC_079873.1,80594333,80594543
NW_026622852.1,12724570,12724770
NW_026622908.1,13622039,13622675
NC_079873.1,110451771,110451908
NW_026622974.1,23028383,23029005
NW_026623111.1,76349376,76349949
NW_026622863.1,50919316,50919533
NW_026623019.1,27965237,27965449
NW_026622852.1,23054434,23054641
NW_026623100.1,78857391,78857594
NW_026622863.1,54394589,54394715
NW_026622808.1,30639851,30640058
NW_026622797.1,30710891,30711099
NW_026622974.1,4164770,4164974
NW_026622874.1,68616953,68617034
NW_026623067.1,52440069,52440318
NC_079873.1,12835368,12835707
NW_026622897.1,61442570,61443134
NW_026622952.1,34222702,34222909
NW_026622874.1,77848062,77848468
NW_026623089.1,68950885,68951470
NW_026622764.1,75365957,75366036
NW_026623111.1,59688549,59688777
NW_026622908.1,9208756,9209324
NW_026622897.1,47591936,47592116
NW_026622863.1,44075431,44076096
NW_026623089.1,57447623,57447830
NW_026623078.1,40667552,40667756
NW_026622986.1,6748949,6749148
NW_026622874.1,73627720,73627897
NW_026623111.1,23194501,23194603
NW_026622897.1,35877028,35877116
NW_026622819.1,30921003,30921449
NW_026622819.1,60940573,60940780
NW_026623030.1,3490887,3491093
NW_026622830.1,10041821,10042013
NW_026622874.1,59427003,59427196
NW_026622952.1,20473190,20473722
NW_026623089.1,8721950,8722162
NW_026622897.1,59690768,59690971
NW_026622764.1,9238885,9239094
NW_026622775.1,43403471,43403667
NW_026623030.1,25489095,25489300
NW_026623030.1,10228482,10228682
NW_026622974.1,13609717,13610870
NW_026622919.1,45755074,45755366
NW_026623100.1,23646318,23647185
NW_026622775.1,8508730,8508838
NW_026622908.1,3581793,3582014
NW_026622985.1,80086529,80086740
NW_026623100.1,27332052,27332296
NW_026622997.1,1837818,1838023
NW_026623111.1,72486051,72486548
NW_026623089.1,64849245,64849847
NW_026622764.1,61657184,61657386
NW_026622763.1,9854731,9855320
NW_026622874.1,55641248,55641454
NW_026622874.1,78575176,78575390
NC_079873.1,80908079,80908121
NW_026622908.1,30481029,30481325
NC_079873.1,74762372,74762976
NC_079873.1,53853871,53854051
NW_026622841.1,23260498,23260704
NW_026623050.1,21331152,21332163
NW_026622763.1,3479670,3479875
NW_026622830.1,34988866,34989080
NW_026622863.1,56207705,56208112
NW_026622841.1,38648764,38648986
NW_026623008.1,25961766,25961976
NW_026622863.1,21206998,21207194
NW_026623019.1,26269725,26269920
NW_026622852.1,8202759,8202812
NW_026622786.1,69065099,69065150
NW_026622763.1,75168635,75168843
NW_026622930.1,4027417,4027625
NW_026622775.1,39151808,39152022
NW_026622985.1,81389868,81390094
NW_026622841.1,23586125,23586335
NW_026622874.1,83483769,83483853
NW_026622874.1,63550008,63550228
NW_026622874.1,14317999,14318196
NW_026623030.1,18277323,18277535
NW_026623008.1,1042842,1043378
NW_026622819.1,10270434,10270607
NW_026622786.1,40496994,40497552
NW_026622797.1,67575274,67575465
NW_026622875.1,27830673,27830783
NW_026623056.1,67632562,67632648
NW_026622952.1,32190039,32190141
NW_026623111.1,64411481,64411685
NW_026622819.1,21980147,21980352
NW_026622874.1,30213186,30213391
NW_026622863.1,4219811,4220016
NW_026622897.1,57960395,57960525
NW_026623050.1,5021479,5021694
NW_026622874.1,72684970,72685183
NW_026622985.1,92039023,92039170
NW_026623030.1,26572089,26572212
NW_026623050.1,11667627,11667831
NW_026623111.1,44344441,44344644
NW_026623030.1,3515962,3516181
NW_026623111.1,81674191,81674755
NW_026622908.1,41469267,41469379
NW_026623053.1,23008666,23021748
NW_026622786.1,21313209,21313422
NW_026623111.1,48956521,48957078
NW_026623008.1,17892117,17892347
NW_026623056.1,27304022,27304227
NW_026622875.1,45097729,45097945
NW_026623111.1,45753186,45753255
NW_026622830.1,21507695,21507910
NW_026622763.1,77375049,77375298
NW_026622908.1,24937736,24937799
NW_026623030.1,30584765,30585865
NW_026622763.1,36061406,36061470
NW_026622985.1,9044261,9044367
NW_026622763.1,64997833,64998035
NW_026622997.1,2698807,2699474
NW_026622786.1,44620932,44621530
NC_079873.1,90710158,90710423
NC_079873.1,6976459,6976647
NW_026622874.1,61325055,61325246
NW_026622808.1,35634386,35634604
NW_026622763.1,76302343,76302573
NW_026622874.1,76802639,76802850
NW_026622963.1,38707190,38707401
NW_026622819.1,8492511,8492932
NW_026622897.1,2393672,2393884
NW_026622897.1,47704318,47704526
NW_026622985.1,7809408,7809617
NW_026622763.1,10146167,10146366
NW_026622763.1,7733025,7733230
NW_026623050.1,11053241,11053515
NW_026623100.1,35377017,35377219
NW_026622786.1,49846936,49846977
NW_026623111.1,66263923,66264124
NW_026622941.1,8072189,8072577
NW_026623078.1,7232502,7233122
NW_026623067.1,20408291,20408495
NW_026622764.1,31690150,31690387
NW_026622808.1,19351297,19351486
NW_026622841.1,21084491,21084537
NW_026622985.1,58054380,58054587
NW_026622797.1,14467847,14467919
NW_026622763.1,35899902,35900115
NW_026622986.1,7708272,7708374
NW_026622763.1,76656165,76656272
NW_026622875.1,8191054,8191258
NW_026622874.1,53885493,53886546
NW_026622808.1,43702425,43702632
NW_026622875.1,28813124,28813347
NW_026622875.1,56324727,56324864
NW_026623019.1,7964241,7964450
NW_026622830.1,18861401,18861598
NW_026623056.1,72521799,72522002
NW_026622775.1,5740183,5740409
NC_079873.1,104601683,104601899
NW_026622985.1,8697750,8697858
NW_026622941.1,9799960,9800172
NW_026622819.1,20980506,20980661
NW_026622875.1,18409724,18409921
NW_026622797.1,46663830,46664038
NW_026622897.1,62156425,62156633
NW_026622841.1,14315611,14315819
NW_026622952.1,20417362,20417582
NW_026622963.1,21006480,21006678
NW_026623111.1,78255239,78255333
NW_026622786.1,57021989,57022208
NC_079873.1,101812461,101812749
NW_026623089.1,69686627,69686821
NW_026622797.1,412797,413250
NW_026622841.1,22604366,22604575
NW_026622786.1,46573388,46573888
NW_026622786.1,18454838,18455044
NW_026622830.1,23112591,23112805
NW_026622841.1,49595832,49596060
NW_026623111.1,61086232,61086454
NW_026622985.1,8385010,8385220
NW_026623089.1,3137431,3137603
NC_079873.1,81298228,81298438
NW_026622886.1,42411118,42411315
NW_026622797.1,31243078,31243607
NW_026622764.1,31525742,31525946
NW_026622941.1,29603863,29604415
NW_026622775.1,23294532,23295061
NC_079873.1,35192792,35192989
NW_026622930.1,32226381,32226575
NC_079873.1,114422347,114422464
NW_026623067.1,11888492,11888704
NW_026623067.1,85362921,85363378
NW_026623100.1,15354557,15354765
NW_026622874.1,24728636,24728691
NW_026622874.1,100412092,100412330
NC_079873.1,48066270,48066721
NW_026622786.1,41915731,41915937
NW_026622797.1,26161984,26162181
NW_026622808.1,28857476,28857664
NW_026623111.1,11040742,11041239
NW_026622819.1,37658483,37658696
NW_026622963.1,16016066,16016273
NW_026622908.1,8514527,8514722
NW_026622775.1,24951248,24951441
NW_026622963.1,2140862,2141053
NW_026622875.1,21653236,21653453
NW_026622886.1,3509428,3509637
NW_026622875.1,192920,193246
NW_026622874.1,94859136,94859310
NW_026623111.1,55428297,55428341
NW_026622852.1,58742340,58742788
NW_026622919.1,2200836,2201317
NW_026622941.1,7665938,7666139
NW_026622764.1,41746925,41747138
NW_026622941.1,12362806,12362952
NC_079873.1,54434345,54434576
NW_026622841.1,9149497,9149707
NW_026622863.1,34680395,34680596
NW_026622963.1,16570254,16570470
NW_026623067.1,89389057,89389267
NW_026622985.1,74819194,74819418
NW_026622852.1,1043348,1069617
NC_079873.1,76078717,76079142
NW_026623078.1,77855930,77856070
NW_026622819.1,48713522,48713730
NW_026622775.1,8702394,8702495
NC_079873.1,76854458,76854670
NW_026622808.1,10731330,10731542
NW_026623078.1,32617961,32618609
NW_026622841.1,39331677,39331877
NW_026623008.1,29217465,29217659
NW_026622764.1,4254025,4254224
NC_079873.1,16555737,16555953
NW_026622941.1,10210407,10210890
NW_026622841.1,7216521,7216727
NW_026622963.1,19855618,19855850
NW_026622941.1,16489388,16489593
NW_026622897.1,36671346,36671550
NW_026622763.1,30687101,30687305
NW_026623008.1,1309857,1309966
NW_026622763.1,84465567,84465784
NW_026622985.1,12340049,12340254
NW_026623019.1,11012166,11012378
NW_026622986.1,20267496,20267908
NW_026622841.1,24682068,24682523
NW_026623078.1,76301461,76301667
NC_079873.1,79898995,79899204
NC_079873.1,48056933,48057133
NC_079873.1,51154322,51154531
NW_026623078.1,9918887,9918990
NW_026623050.1,212909,213110
NW_026623019.1,18037778,18038009
NW_026622974.1,27410008,27410227
NC_079873.1,74019652,74019821
NC_079873.1,69614031,69614239
NC_079873.1,120814254,120814412
NW_026623053.1,14451757,14452200
NW_026623056.1,80270037,80270310
NC_079873.1,48309844,48310277
NW_026622763.1,6876036,6876133
NW_026623050.1,16822031,16822260
NW_026622819.1,21915131,21915324
NW_026622919.1,204930,205033
NW_026623111.1,9118391,9118500
NW_026622875.1,11341522,11341598
NC_079873.1,78227934,78228116
NW_026623111.1,30190849,30191071
NW_026622908.1,4025747,4025842
NW_026622763.1,2808592,2808814
NW_026622863.1,19540778,19541144
NW_026622797.1,6836852,6837275
NW_026622797.1,68067519,68068089
NW_026622841.1,22799426,22799652
NW_026622797.1,23051442,23051671
NW_026622830.1,34569204,34569406
NC_079873.1,40368918,40369187
NW_026622863.1,48102619,48103077
NW_026622763.1,54744969,54745433
NW_026623067.1,78312816,78313024
NW_026623030.1,9879454,9879648
NW_026623111.1,4129648,4129864
NW_026623078.1,17289712,17290204
NW_026622974.1,13652532,13653029
NW_026622775.1,3542679,3542884
NW_026623050.1,11957212,11957431
NW_026622952.1,20464764,20464968
NW_026622985.1,26859086,26859301
NW_026622830.1,19688132,19688329
NC_079873.1,38416962,38417176
NW_026622919.1,32557744,32557948
NW_026623100.1,14356920,14357157
NW_026622797.1,15889829,15890102
NW_026622841.1,37155687,37155826
NW_026622986.1,7629406,7629949
NW_026622886.1,4235269,4235485
NW_026623019.1,19149500,19149715
NW_026622764.1,79039513,79040069
NC_079873.1,36608235,36608435
NW_026622974.1,27410787,27411046
NW_026622763.1,18504369,18504863
NW_026622863.1,17963323,17963519
NW_026622930.1,20129402,20129827
NW_026623008.1,22704233,22704702
NW_026622985.1,76761455,76761660
NC_079873.1,69473231,69473344
NW_026622963.1,7674123,7674341
NW_026622985.1,2311432,2311618
NW_026622775.1,34467311,34467557
NW_026622952.1,34533487,34533708
NC_079873.1,22614116,22614345
NW_026622775.1,21085776,21085989
NW_026622763.1,53271195,53271414
NW_026623111.1,440122,440298
NW_026623078.1,70549443,70549657
NW_026622919.1,24205549,24205750
NW_026622763.1,29997474,29997679
NW_026623008.1,20460511,20460720
NW_026623067.1,90634574,90635045
NW_026622841.1,10926122,10926238
NW_026622786.1,2398839,2399055
NC_079873.1,69901305,69901517
NW_026622797.1,46667259,46667408
NW_026622830.1,4207980,4208265
NW_026623078.1,73534201,73534407
NW_026623030.1,9872703,9872910
NW_026622952.1,25566484,25567272
NW_026622830.1,40217788,40217928
NW_026622963.1,33225172,33225298
NW_026622886.1,1470458,1470686
NW_026622985.1,60726017,60726270
NW_026623067.1,19904426,19904644
NW_026623111.1,46457961,46458203
NW_026623030.1,23860205,23860422
NC_079873.1,70379644,70380141
NW_026622841.1,22505671,22509373
NW_026622763.1,97261200,97261405
NW_026622997.1,7864611,7864816
NW_026622764.1,8684755,8684961
NC_079873.1,95393011,95393220
NW_026622786.1,17300753,17300963
NW_026623056.1,57126389,57126606
NW_026623100.1,51300203,51300420
NW_026623008.1,9401805,9402018
NW_026623067.1,11434718,11434953
NC_079873.1,68707660,68707757
NW_026622985.1,54040679,54040883
NW_026623078.1,40339850,40340073
NC_079873.1,95184152,95184361
NW_026622874.1,95720759,95720954
NW_026622775.1,27668928,27669128
NW_026622863.1,5536397,5536617
NW_026622830.1,21755370,21755574
NC_079873.1,46933706,46933918
NW_026623089.1,79846915,79847124
NW_026622874.1,34296662,34296830
NW_026622797.1,66640600,66640815
NW_026623078.1,52434066,52434302
NW_026622808.1,38301410,38301626
NW_026622819.1,60790690,60790861
NW_026622985.1,96856740,96856943
NW_026623089.1,59353960,59354190
NW_026622919.1,24015841,24016044
NW_026622875.1,39205390,39205585
NW_026622874.1,71283135,71283470
NW_026622852.1,16611125,16611347
NC_079873.1,75789325,75789924
NW_026623111.1,21507235,21507722
NW_026622963.1,33236291,33236506
NW_026622941.1,11416596,11416801
NW_026623056.1,58301443,58301523
NW_026623100.1,83375641,83375780
NW_026623078.1,45145019,45145235
NW_026622874.1,7038627,7038723
NW_026622952.1,20457325,20457792
NW_026623089.1,2777307,2777387
NW_026623078.1,59940503,59940714
NW_026623067.1,77902058,77902524
NW_026622919.1,32551321,32551522
NW_026622863.1,5293980,5294406
NW_026622763.1,77533753,77533959
NW_026622764.1,19239777,19239980
NW_026622841.1,8597895,8598110
NW_026623067.1,51502024,51502227
NW_026622830.1,13743087,13743193
NW_026622763.1,88240099,88240310
NW_026622830.1,694051,694456
NW_026622908.1,43793048,43793260
NW_026622897.1,20287202,20287404
NW_026622786.1,57062809,57063025
NW_026622941.1,22077903,22078079
NW_026623056.1,67560526,67560691
NW_026622974.1,16836731,16836937
NW_026623100.1,27375159,27375365
NW_026623089.1,28231939,28232004
NW_026622875.1,9622887,9623097
NW_026623067.1,15207721,15207927
NW_026622763.1,53228671,53229006
NW_026623030.1,10059091,10059298
NW_026622863.1,43826505,43826708
NW_026622874.1,46712894,46713317
NW_026622919.1,22682229,22682436
NW_026623111.1,48004117,48004322
NW_026622930.1,36547260,36547325
NW_026622974.1,26494605,26494922
NW_026622886.1,11077936,11078147
NW_026622874.1,100022291,100022504
NW_026622952.1,20209499,20209715
NW_026622985.1,37340628,37340832
NW_026623053.1,18399287,18399483
NW_026622863.1,15353214,15353426
NW_026622786.1,25589971,25590081
NW_026623056.1,17218961,17219173
NW_026623111.1,80813829,80814031
NW_026623111.1,1208553,1208762
NW_026622852.1,17717557,17717776
NW_026622919.1,33840850,33840976
NW_026622875.1,17282336,17282548
NW_026622797.1,29050706,29051062
NW_026622875.1,35055357,35055573
NW_026623100.1,70748593,70748702
NW_026623111.1,11044685,11044897
NC_079873.1,79574229,79574398
NW_026622985.1,10228324,10228608
NW_026622763.1,76128929,76129162
NW_026622819.1,9821787,9821994
NW_026623089.1,56285194,56285325
NW_026622874.1,47609100,47609333
NW_026622763.1,75164484,75164692
NW_026622874.1,96145435,96145651
NW_026622808.1,31012649,31012892
NW_026622985.1,48677323,48677525
NW_026623019.1,17908390,17908609
NW_026622764.1,62055132,62055258
NW_026623067.1,52449876,52450094
NW_026623100.1,52330446,52330652
NW_026622930.1,42924229,42924485
NW_026622763.1,58079336,58079553
NW_026622775.1,59831669,59831882
NW_026622841.1,8600168,8600381
NW_026623008.1,21056993,21057198
NW_026622786.1,41997396,41997470
NW_026622986.1,20120637,20120848
NC_079873.1,83128593,83128800
NW_026623067.1,59636275,59636499
NW_026622797.1,70025733,70026060
NW_026622997.1,1891410,1891603
NW_026623111.1,10985022,10985260
NW_026623100.1,68111086,68111300
NW_026622919.1,41965059,41965243
NC_079873.1,15093871,15094080
NC_079873.1,14828568,14828630
NW_026623056.1,39210773,39210986
NW_026623089.1,38524499,38524716
NW_026622808.1,12979827,12980068
NW_026622830.1,44451795,44452003
NW_026623056.1,91246673,91247222
NW_026622764.1,50688793,50689001
NW_026622941.1,14931839,14932051
NC_079873.1,60026505,60026718
NW_026622875.1,45860448,45860670
NW_026622808.1,66328666,66328888
NW_026622863.1,54990335,54990548
NW_026622863.1,42594274,42594499
NW_026622952.1,18736486,18736686
NW_026622985.1,72484786,72484987
NW_026623111.1,65393696,65393907
NW_026622930.1,27998694,27998896
NW_026622830.1,20039627,20040004
NW_026622986.1,11134671,11134881
NW_026622775.1,21657612,21658268
NW_026622763.1,42305461,42305673
NC_079873.1,91104850,91105059
NW_026622797.1,31268839,31269076
NW_026623089.1,18481265,18481504
NW_026622764.1,9236989,9237197
NW_026623053.1,21800123,21800579
NW_026623067.1,23417446,23417662
NW_026622763.1,93994008,93994104
NW_026623100.1,51409112,51409647
NW_026622986.1,16233235,16233443
NW_026622897.1,14519436,14519590
NW_026622986.1,17947367,17947570
NW_026622763.1,77471186,77471439
NW_026622819.1,54561522,54561730
NW_026623008.1,19527284,19527486
NW_026623078.1,83606194,83606407
NW_026622863.1,55435190,55435384
NW_026622930.1,22980674,22980888
NW_026623078.1,41859285,41859368
NW_026623056.1,80630153,80630369
NC_079873.1,91366899,91367110
NW_026622797.1,27469811,27470018
NW_026623078.1,73528077,73528297
NW_026622764.1,67838508,67838728
NW_026622974.1,1886127,1886406
NW_026623019.1,21428354,21428703
NW_026622852.1,25988616,25988838
NW_026622841.1,13399904,13400117
NW_026622886.1,10613735,10613981
NW_026622874.1,88155779,88155979
NW_026623111.1,4512317,4512756
NW_026622863.1,33385346,33385481
NW_026622764.1,3581316,3581449
NW_026622763.1,30690582,30690922
NW_026622830.1,3946280,3946516
NW_026623100.1,51302602,51302813
NW_026622874.1,48264436,48264783
NW_026622908.1,44257612,44257728
NW_026622852.1,24749223,24749433
NW_026622786.1,45855394,45855720
NW_026622852.1,16729280,16729503
NW_026623030.1,6981472,6981693
NW_026622808.1,33601645,33601860
NW_026622763.1,83496220,83496387
NW_026623067.1,66447948,66448289
NW_026623111.1,58718111,58718322
NW_026622841.1,628770,629085
NW_026622830.1,43234583,43234800
NW_026622919.1,2152944,2153132
NW_026622897.1,134426,134655
NW_026622908.1,23298481,23298654
NW_026622919.1,44021941,44022151
NW_026622775.1,170141,170496
NW_026623050.1,3491973,3492358
NW_026623067.1,84753757,84753943
NC_079873.1,94985637,94985990
NW_026622775.1,56958151,56958372
NW_026622830.1,28556644,28556852
NW_026622830.1,13569962,13570103
NW_026622808.1,12740851,12740936
NW_026623078.1,41805949,41806208
NW_026623056.1,65120075,65120282
NC_079873.1,24350698,24350910
NW_026622886.1,35887068,35887268
NW_026622786.1,47944173,47944375
NW_026622786.1,68801529,68801684
NW_026623078.1,61180115,61180318
NW_026622875.1,43204518,43204728
NW_026622863.1,34204642,34204764
NW_026622841.1,2652078,2652180
NW_026623067.1,42970247,42970474
NW_026622775.1,54895578,54895681
NW_026622763.1,108063784,108064098
NW_026622852.1,31034303,31034729
NW_026623067.1,74246145,74246340
NW_026623111.1,52703915,52704208
NW_026622886.1,5845643,5845725
NW_026622974.1,12166649,12166827
NW_026622763.1,50765532,50765819
NW_026622841.1,20597767,20597964
NW_026623030.1,11530984,11531188
NW_026622897.1,61888265,61888489
NW_026622841.1,26676512,26676720
NW_026622874.1,7028909,7029125
NW_026622819.1,58805823,58806037
NC_079873.1,97222180,97222241
NW_026623056.1,44973494,44973710
NW_026622763.1,97756853,97757063
NW_026622930.1,22494328,22494555
NC_079873.1,67168632,67168838
NW_026622830.1,16110228,16110439
NW_026622852.1,37383653,37383869
NW_026622930.1,1574309,1574529
NC_079873.1,120814800,120815469
NW_026623078.1,57393968,57394144
NC_079873.1,47966689,47966903
NW_026623008.1,29823604,29823669
NW_026622974.1,2827768,2827985
NW_026622830.1,290303,290350
NW_026623111.1,37859609,37859659
NW_026622985.1,52437416,52437641
NW_026623100.1,15958104,15958322
NW_026623056.1,29460485,29460586
NW_026622952.1,26761384,26761585
NC_079873.1,36300957,36301035
NW_026622841.1,46401769,46401995
NW_026622986.1,8810064,8810388
NW_026622830.1,29440205,29440383
NW_026622808.1,60460471,60460673
NW_026622763.1,89117064,89117275
NW_026622763.1,62556997,62557215
NW_026622863.1,9548334,9548442
NC_079873.1,71271623,71271836
NW_026622875.1,54285947,54286038
NW_026622808.1,15384312,15384523
NW_026623056.1,93769324,93769486
NW_026623100.1,32530630,32530729
NW_026623067.1,53172868,53173095
NW_026622797.1,413794,414060
NW_026622763.1,54169342,54169545
NW_026623056.1,13456622,13456836
NC_079873.1,120184159,120184382
NW_026622852.1,33609480,33609833
NW_026622897.1,47057440,47057642
NC_079873.1,77671785,77672179
NC_079873.1,65177268,65177478
NW_026622985.1,99203843,99204058
NW_026622919.1,6040653,6040861
NW_026622775.1,8541224,8541445
NW_026622963.1,22924672,22924900
NW_026622874.1,76911727,76911910
NW_026622875.1,877038,877292
NW_026622908.1,2661078,2661289
NW_026622786.1,23721288,23721496
NW_026622974.1,3397607,3397821
NW_026622775.1,57542648,57542708
NW_026623008.1,293853,294068
NC_079873.1,48313376,48313504
NC_079873.1,12170825,12171040
NW_026622775.1,62071633,62071858
NW_026623050.1,27180508,27180581
NW_026623111.1,3924288,3924604
NW_026622963.1,18169335,18169545
NW_026623056.1,40601020,40601392
NW_026622897.1,37543593,37543812
NC_079873.1,76469233,76469431
NW_026623067.1,38405897,38406111
NW_026623089.1,52523465,52523675
NC_079873.1,36536463,36536679
NW_026622908.1,17309443,17309661
NW_026622841.1,24873772,24873985
NW_026622808.1,66935371,66935585
NC_079873.1,102607152,102607399
NW_026622797.1,47975404,47975627
NW_026622919.1,561736,561951
NW_026623111.1,55537905,55538114
NC_079873.1,7929400,7929616
NW_026622852.1,24297567,24297783
NW_026623019.1,9880695,9881072
NW_026622841.1,54661563,54661782
NC_079873.1,73311815,73312035
NW_026623111.1,26818726,26818790
NW_026622763.1,34617344,34617557
NW_026623067.1,52367379,52367802
NW_026623067.1,55992938,55993190
NW_026623100.1,36637259,36637472
NW_026623067.1,36607618,36607802
NC_079873.1,47199246,47256476
NC_079873.1,34604640,34605018
NW_026622841.1,33644148,33644363
NW_026622819.1,5018989,5019192
NW_026622797.1,50344776,50344990
NW_026622919.1,31223791,31224019
NW_026623056.1,22423390,22423573
NW_026622986.1,4106139,4106338
NW_026623067.1,83164068,83164280
NW_026622863.1,55010350,55010559
NW_026623100.1,40857268,40857500
NW_026622874.1,37522011,37522432
NW_026623056.1,93944200,93944382
NW_026623078.1,55129975,55130236
NW_026622986.1,11724510,11724738
NW_026622786.1,1916350,1916411
NW_026623019.1,6900632,6900843
NW_026623089.1,56328119,56328333
NW_026622874.1,71569955,71570251
NW_026622985.1,79644964,79645173
NW_026622808.1,68928761,68928831
NW_026622985.1,31868315,31868799
NW_026622775.1,59707711,59707934
NW_026622763.1,23417793,23418005
NC_079873.1,15792398,15792608
NW_026622952.1,29638444,29638660
NW_026622997.1,29589401,29589618
NW_026623078.1,42118125,42118180
NW_026622808.1,14609894,14610098
NW_026623111.1,35400119,35400321
NW_026622897.1,59709422,59709628
NW_026622852.1,25049155,25049220
NW_026622763.1,57830950,57831164
NW_026622986.1,638500,638563
NW_026623056.1,79292457,79292858
NC_079873.1,38954896,38955103
NC_079873.1,74127817,74128160
NW_026622763.1,6041962,6042320
NW_026623100.1,46383812,46383908
NW_026622763.1,9194048,9194262
NW_026622775.1,21727098,21727325
NW_026622908.1,11613776,11613901
NW_026623030.1,24225217,24225425
NW_026622764.1,66915703,66916045
NW_026622874.1,56419356,56419728
NW_026622941.1,9805349,9805562
NW_026623089.1,53922252,53922459
NW_026622775.1,60949563,60949676
NC_079873.1,34982180,34982387
NW_026622985.1,80505616,80505825
NW_026622808.1,19278627,19278838
NC_079873.1,115930585,115930801
NW_026623056.1,90064933,90065149
NW_026622808.1,25900336,25900556
NW_026622874.1,20373451,20373672
NW_026623056.1,92447269,92447317
NC_079873.1,9583086,9583341
NW_026623100.1,2177968,2178164
NW_026622897.1,23381229,23381329
NW_026622830.1,23970187,23970428
NW_026623008.1,28955446,28955739
NC_079873.1,95383929,95384303
NW_026622874.1,89871897,89872110
NW_026622764.1,63674377,63674581
NC_079873.1,83092623,83092835
NW_026622786.1,64803970,64804182
NC_079873.1,108037327,108037405
NW_026623100.1,55048347,55048561
NW_026622985.1,56524670,56524867
NW_026622985.1,29539466,29539702
NW_026622841.1,16248761,16248980
NW_026622874.1,2379420,2379635
NW_026622786.1,1672918,1673128
NW_026623111.1,6110665,6110871
NW_026622930.1,30706270,30706482
NW_026622863.1,20256090,20256313
NW_026622963.1,10280560,10280763
NW_026622763.1,8226603,8226713
NW_026622786.1,65069432,65069668
NW_026622797.1,44627587,44628017
NW_026622797.1,66654164,66654365
NW_026623078.1,7417392,7417940
NW_026622775.1,64156560,64157040
NW_026623089.1,13339379,13339585
NW_026623030.1,21920037,21920375
NW_026622919.1,13953792,13954019
NW_026622985.1,16707803,16707954
NW_026622808.1,69133757,69133973
NW_026622863.1,48478282,48478509
NW_026622786.1,72455759,72455988
NW_026623089.1,62181042,62181261
NW_026622786.1,69086887,69087096
NW_026622886.1,1002767,1002982
NW_026622764.1,7272572,7272930
NW_026622819.1,842587,842747
NW_026623067.1,57579705,57579846
NC_079873.1,72126444,72126635
NW_026622886.1,41451519,41451748
NW_026622908.1,43599593,43599808
NW_026622830.1,4619257,4619472
NW_026622997.1,2375119,2375371
NW_026622808.1,49959694,49959879
NW_026622808.1,28816766,28816809
NW_026622863.1,39086728,39086948
NW_026623111.1,65960650,65960872
NW_026622775.1,32504801,32505016
NW_026622863.1,16726037,16726245
NW_026623100.1,2314043,2314283
NC_079873.1,67177570,67177791
NW_026622808.1,13437135,13437250
NW_026623111.1,39162426,39162645
NW_026622875.1,35670979,35671188
NW_026623111.1,5946884,5947191
NW_026622985.1,7805276,7805552
NW_026622808.1,3067823,3068049
NW_026622974.1,18941575,18941824
NW_026622908.1,6836448,6836626
NW_026623067.1,87539425,87539468
NW_026622997.1,8853702,8853961
NW_026622841.1,26658517,26658773
NW_026622763.1,92819348,92819442
NW_026622897.1,36187881,36188066
NW_026622874.1,48644446,48644759
NW_026623100.1,16506077,16506287
NW_026623111.1,46668062,46668287
NW_026622874.1,74631651,74631825
NW_026622808.1,13985588,13985801
NW_026622952.1,32153898,32154128
NW_026622974.1,1989095,1989307
NW_026622797.1,67312804,67312955
NW_026622808.1,63981757,63981965
NW_026623050.1,11050683,11051852
NW_026623111.1,26826881,26827231
NW_026623100.1,21102902,21103114
NW_026622986.1,2386018,2386318
NW_026623111.1,191274,191586
NW_026622952.1,34186314,34186432
NW_026623056.1,30905484,30905571
NW_026622985.1,9351270,9351492
NW_026622875.1,30161232,30161450
NW_026622830.1,8650434,8650490
NW_026622808.1,61480476,61480627
NC_079873.1,76116851,76117147
NC_079873.1,57560569,57560792
NW_026622886.1,48281642,48281878
NW_026622808.1,56313296,56313458
NW_026623056.1,20961646,20961944
NC_079873.1,55855698,55855914
NW_026622852.1,13964802,13965019
NW_026622808.1,47524801,47524945
NW_026622874.1,90924268,90924467
NC_079873.1,99283998,99284245
NW_026622930.1,32210064,32210267
NW_026623008.1,22780685,22780874
NW_026622819.1,62984443,62984696
NW_026623111.1,33411777,33412002
NW_026622819.1,262123,262314
NW_026622763.1,3669574,3669797
NW_026623056.1,94432730,94432874
NW_026623111.1,48872728,48872950
NW_026622952.1,7331718,7331813
NW_026622986.1,22145491,22145700
NW_026622764.1,60250659,60250814
NW_026622830.1,575226,575478
NW_026623053.1,5856664,5856860
NW_026622874.1,13534440,13534673
NW_026622897.1,62321208,62321446
NW_026622930.1,36248880,36248955
NW_026622874.1,29786345,29786566
NW_026622764.1,38538183,38538497
NW_026623019.1,26267685,26267910
NW_026623019.1,17130077,17130307
NW_026622874.1,74640599,74640822
NW_026622974.1,1895162,1895494
NW_026622886.1,3520208,3520301
NW_026622952.1,35483309,35483557
NC_079873.1,43338970,43339133
NW_026622863.1,45935599,45935744
NW_026622874.1,102117475,102117685
NC_079873.1,87502047,87502335
NW_026622985.1,9330088,9330256
NW_026623030.1,29315508,29315615
NW_026623111.1,56568563,56568819
NW_026622775.1,46000493,46000583
NW_026622874.1,94940165,94940372
NW_026622841.1,37572300,37572395
NW_026623100.1,70755999,70756277
NW_026622852.1,59287660,59287791
NW_026622985.1,59896958,59897173
NW_026622874.1,65515174,65515245
NW_026622863.1,25141371,25141445
NW_026622963.1,34636763,34636856
NW_026622974.1,14254535,14254650
NW_026622763.1,42971992,42972198
NW_026622841.1,21334703,21334955
NW_026622808.1,30660651,30660865
NW_026623056.1,67814592,67814760
NW_026622763.1,83081838,83082121
NW_026622819.1,5800292,5800524
NW_026622852.1,34694014,34694235
NW_026622908.1,36046895,36047143
NW_026622852.1,27911876,27912107
NW_026622897.1,2733911,2734039
NW_026622819.1,40101932,40102004
NW_026622874.1,46196814,46197114
NC_079873.1,21092336,21092459
NW_026622819.1,39225978,39226090
NC_079873.1,36925997,36926220
NW_026622875.1,13295158,13295237
NW_026622952.1,7289431,7289503
NW_026623089.1,49570599,49570678
NW_026623089.1,56315207,56315299
NW_026623089.1,19492410,19492636
NW_026623100.1,27736644,27736960
NW_026623111.1,10971659,10971895
NW_026623100.1,35696180,35696439
NW_026622985.1,91780200,91780291
NW_026623030.1,25420635,25420896
NW_026622830.1,252616,252758
NW_026622797.1,65682307,65682529
NW_026622952.1,32701059,32701291
NW_026622908.1,6815388,6815645
NW_026622808.1,66942429,66942736
NW_026622897.1,30872531,30872738
NW_026623008.1,2701452,2701615
NW_026622897.1,52578186,52578345
NW_026623089.1,43299155,43299223
NW_026622875.1,50239630,50239774
NC_079873.1,76894428,76894597
NW_026622919.1,18561832,18562072
NW_026622763.1,86757047,86757092
NW_026622974.1,32442045,32442100
NW_026623050.1,23966255,23966372
NC_079873.1,57969834,57970006
NW_026623056.1,69742539,69742776
NW_026622874.1,102669133,102669333
NW_026622852.1,40967189,40967418
NW_026623008.1,13968186,13968386
NW_026622786.1,65202773,65202987
NW_026622963.1,25295579,25295785
NW_026622786.1,11475243,11475335
NW_026622985.1,29377033,29377203
NW_026623030.1,3716293,3716341
NW_026622886.1,39980647,39980906
NW_026622797.1,462228,462335
NW_026623089.1,64845188,64845425
NW_026622863.1,37291869,37292072
NW_026622830.1,964389,964573
NW_026623030.1,5534729,5534821
NW_026622908.1,8659791,8660008
NW_026623050.1,15480180,15480476
NW_026622786.1,30736163,30736220
NW_026622875.1,48233099,48233315
NW_026623067.1,80728639,80728750
NW_026622786.1,34619341,34619561
NW_026622763.1,10085277,10085509
NW_026622886.1,49815940,49816144
NW_026622852.1,45527129,45527217
NW_026622963.1,2027923,2028151
NC_079873.1,49708495,49708722
NW_026622908.1,7388694,7388920
NC_079873.1,117018303,117018514
NW_026623053.1,23910117,23910348
NW_026623111.1,51711880,51712063
NW_026622841.1,51105367,51105568
NW_026622763.1,54160448,54160675
NW_026623008.1,22996483,22996712
NW_026622764.1,74564731,74564789
NW_026622985.1,70206767,70207036
NW_026622963.1,28905592,28905826
NW_026622797.1,29311698,29311983
NC_079873.1,79901880,79901943
NW_026623089.1,22276532,22276682
NW_026623078.1,40178892,40179173
NW_026623050.1,7413819,7414066
NW_026622941.1,12667160,12667364
NW_026622775.1,26636158,26636430
NW_026622874.1,75424637,75424848
NW_026622852.1,36985646,36985731
NW_026622897.1,2433307,2433382
NW_026622886.1,16223937,16224222
NW_026623056.1,14175286,14175379
NW_026623030.1,1905427,1905641
NW_026622863.1,2731265,2731488
NW_026622786.1,29500100,29500172
NW_026622985.1,99204998,99205271
NW_026622797.1,63117542,63117655
NW_026622852.1,38502682,38502802
NW_026622863.1,55338872,55339134
NW_026622963.1,35416572,35416790
NW_026623056.1,71974361,71974816
NW_026622852.1,4844978,4845058
NW_026623089.1,27196353,27196588
NW_026622841.1,39393138,39393444
NW_026623100.1,1723324,1723401
NW_026622874.1,92852638,92852688
NW_026622863.1,55341636,55341859
NW_026623019.1,27958893,27959323
NW_026622775.1,51786150,51786369
NW_026622808.1,18738669,18738870
NW_026622786.1,60218158,60218233
NW_026622874.1,99744829,99745054
NW_026623050.1,10119335,10119442
NW_026623111.1,76299447,76299536
NW_026623050.1,7325707,7325795
NW_026622819.1,54641402,54641615
NW_026622863.1,53059175,53059307
NW_026623056.1,43834822,43834883
NW_026622763.1,3856404,3856597
NC_079873.1,9165116,9165212
NW_026622941.1,24802866,24802955
NC_079873.1,11273143,11273425
NW_026622974.1,10145459,10145515
NW_026623067.1,44637554,44637628
NW_026622908.1,27589209,27589451
NW_026623067.1,11386762,11386833
NW_026622808.1,20210384,20210616
NC_079873.1,80558898,80558987
NW_026622919.1,44118026,44118097
NW_026622775.1,61416919,61417192
NW_026622985.1,71722927,71723163
NW_026622841.1,50407006,50407060
NW_026622841.1,8604895,8605149
NW_026623067.1,86822162,86822307
NW_026623019.1,16245853,16245904
NW_026622763.1,65874409,65874467
NW_026622808.1,69484756,69485069
NW_026623089.1,25754032,25754263
NW_026622841.1,27520119,27520376
NW_026623067.1,72185499,72185687
NW_026622963.1,21449373,21449452
NW_026622863.1,50691992,50692074
NW_026623008.1,6720222,6720449
NW_026623067.1,70428649,70428912
NW_026622786.1,69536083,69536130
NW_026622830.1,13207442,13207631
NW_026622897.1,14114197,14114276
NW_026622985.1,18439898,18440012
NW_026622852.1,53364260,53364535
NW_026622919.1,33620235,33620442
NC_079873.1,11672547,11672615
NW_026622775.1,36440454,36440684
NW_026623089.1,61907882,61908089
NW_026622808.1,12072131,12072362
NW_026622897.1,43031053,43031112
NW_026622875.1,51723965,51724118
NC_079873.1,109015520,109015768
NW_026622841.1,30361954,30362017
NW_026622886.1,10373600,10373742
NW_026623078.1,81180174,81180290
NW_026622963.1,35411472,35411598
NW_026622985.1,52249304,52249365
NW_026623030.1,30121012,30121078
NW_026623056.1,72661946,72662027
NW_026623100.1,38179701,38179776
NW_026622874.1,2862197,2862390
NW_026623056.1,90847395,90847530
NW_026622819.1,1847610,1847823
NW_026622841.1,15071477,15071561
NW_026623019.1,27888359,27888476
NW_026622919.1,6076800,6077050
NW_026623089.1,38079746,38079792
NW_026623067.1,71670390,71670758
NW_026622764.1,49267619,49267858
NW_026623111.1,28255596,28255835
NW_026622974.1,22620588,22620681
NW_026622763.1,3646837,3647039
NW_026623067.1,73930089,73930147
NW_026622875.1,3094400,3094647
NC_079873.1,65378580,65378731
NC_079873.1,76664133,76664200
NC_079873.1,97118507,97118731
NW_026623089.1,64839730,64839910
NW_026622819.1,33095511,33099707
NW_026623050.1,408164,408420
NW_026622974.1,27773984,27774062
NW_026623067.1,35888335,35888404
NW_026622764.1,22458220,22458335
NW_026623030.1,26450582,26451535
NW_026622886.1,8711890,8712038
NW_026623067.1,21136619,21136832
NW_026623067.1,70573055,70573266
NW_026622985.1,60870074,60870993
NW_026622797.1,47939156,47939225
NW_026623089.1,35608767,35608993
NW_026622763.1,49713231,49713293
NW_026622874.1,64432802,64432854
NW_026622952.1,3597450,3597526
NW_026623100.1,3773989,3774067
NC_079873.1,108421112,108421389
NW_026623100.1,42801396,42801458
NW_026622874.1,37464341,37464434
NW_026622919.1,9284906,9285189
NW_026622841.1,54392826,54392885
NW_026623008.1,27425108,27425297
NW_026622852.1,36968330,36968452
NW_026622874.1,37585618,37585707
NW_026622863.1,22045833,22046062
NW_026622764.1,1875478,1875605
NW_026622819.1,57587331,57587378
NW_026623067.1,73564780,73564960
NW_026623067.1,38132812,38133023
NW_026622819.1,49696148,49696214
NW_026622797.1,12413882,12413961
NW_026622797.1,29080763,29080830
NW_026622852.1,12583285,12583475
NW_026622830.1,673546,673645
NW_026622764.1,58726807,58727039
NW_026623089.1,47668077,47668397
NW_026622886.1,25076902,25077137
NW_026623056.1,2610806,2610957
NW_026622797.1,52756282,52756512
NW_026622930.1,7276484,7276574
NW_026622863.1,910255,910367
NW_026622852.1,38472038,38472111
NW_026623100.1,51410285,51410356
NW_026622863.1,15450148,15450346
NW_026622852.1,8806194,8806423
NW_026623067.1,33419265,33419311
NW_026622985.1,100074715,100075115
NW_026623056.1,66942441,66942528
NW_026622764.1,70148468,70148519
NW_026623089.1,26515217,26515392
NW_026623056.1,34589530,34589708
NW_026622985.1,100645039,100645125
NW_026622764.1,72115887,72116116
NW_026622908.1,46604337,46604452
NW_026623030.1,10693952,10694046
NC_079873.1,51217200,51217297
NW_026622764.1,66222503,66222674
NW_026623078.1,8202352,8202453
NW_026622852.1,57235379,57235452
NW_026623067.1,21137886,21137945
NW_026622841.1,50755384,50755432
NW_026622897.1,36140524,36140769
NW_026622941.1,32848927,32848989
NW_026622886.1,40058646,40058860
NW_026622874.1,68729401,68729519
NW_026623030.1,15573333,15573401
NW_026622863.1,44194943,44195189
NW_026622841.1,19891120,19891194
NW_026622819.1,28642774,28642852
NW_026623050.1,24142629,24142897
NW_026623030.1,10208683,10208752
NW_026622863.1,55591195,55591428
NW_026622952.1,12744653,12744699
NW_026623053.1,10101983,10102208
NW_026623008.1,27424588,27424731
NW_026622874.1,90899612,90899666
NW_026622763.1,74314164,74314222
NW_026623089.1,55350094,55350189
NW_026622886.1,33343217,33343442
NW_026623008.1,2034284,2034333
NW_026622875.1,3886664,3886766
NW_026622764.1,75349332,75349524
NW_026623100.1,70723162,70723315
NW_026622997.1,29724902,29725132
NW_026623111.1,49037855,49038038
NW_026622808.1,10566579,10566646
NW_026622830.1,37699025,37699120
NW_026623100.1,49974262,49974376
NW_026622775.1,34170553,34170668
NW_026622786.1,16964145,16964209
NW_026623056.1,49843941,49844050
NW_026623067.1,53115619,53115873
NW_026622874.1,40019837,40019935
NW_026622841.1,6534868,6535118
NW_026623111.1,6376979,6377037
NW_026623089.1,67367638,67367781
NW_026622786.1,66613816,66613869
NW_026622841.1,30549721,30549968
NW_026623100.1,10117034,10117200
NW_026622763.1,8419656,8419723
NW_026622764.1,46747679,46747728
NW_026622852.1,45903659,45903769
NW_026622985.1,40208476,40208536
NW_026622863.1,53061009,53061218
NW_026622985.1,9879521,9879764
NW_026622786.1,29250500,29250611
NW_026622863.1,594223,594308
NW_026622863.1,47754001,47754160
NW_026622863.1,52552506,52552736
NW_026622952.1,29917652,29917750
NW_026622886.1,10738178,10738324
NW_026622841.1,39404257,39404473
NC_079873.1,49105325,49105404
NW_026622985.1,88899914,88899959
NW_026623050.1,6114488,6114589
NW_026622908.1,23295990,23296196
NW_026622897.1,15444976,15445051
NW_026622763.1,64345295,64345395
NW_026622897.1,43527788,43527855
NW_026623100.1,84542594,84542676
NW_026623089.1,63328288,63328471
NW_026622941.1,10616516,10616596
NW_026622874.1,91177960,91178073
NW_026622763.1,16917251,16917594
NW_026622852.1,8810316,8810419
NW_026622852.1,14797874,14798074
NW_026623111.1,73843033,73843261
NW_026622997.1,3128778,3128829
NW_026623067.1,16768689,16768740
NW_026622963.1,30726432,30726503
NW_026622808.1,45112299,45112532
NW_026623053.1,27622997,27623059
NW_026622985.1,25679718,25679972
NC_079873.1,57801624,57801724
NW_026622808.1,13854023,13856919
NW_026623008.1,17276294,17276469
NW_026622863.1,27957414,27957534
NW_026622908.1,44259587,44259856
NC_079873.1,47927785,47927994
NW_026623008.1,23687662,23688446
NW_026622819.1,26217209,26217261
NW_026623056.1,71799425,71799548
NW_026622852.1,40434244,40434312
NC_079873.1,78250589,78250661
NW_026623019.1,22197011,22197080
NW_026622897.1,35278661,35278787
NW_026623067.1,18248269,18248351
NW_026622786.1,48157436,48157496
